,id,conversation_id,date,username,tweet_processed,hashtags,tweet_original,target
289,5.50E+17,5.50E+17,12/30/2014,thenickdags,"‚Äú@JamieLOVEHarris: is the sun ever gonna shine again? ‚Äù YES, it WILL! :)",['#depressed'],"‚Äú@JamieLOVEHarris: is the sun ever gonna shine again? #depressed‚Äù YES, it WILL! :)",0
294,5.50E+17,5.50E+17,12/30/2014,gemmaxx03,Fed up now ???î why can't anything be simple an straightforward not in my life ,['#depressed'],Fed up now ???î why can't anything be simple an straightforward not in my life #depressed,1
295,5.50E+17,5.50E+17,12/30/2014,codyjhatch,I need to work on being a stronger person emotionally ,['#depressed'],I need to work on being a stronger person emotionally #depressed,1
296,5.50E+17,5.50E+17,12/30/2014,jdgdredd1050,"I dreamt that  was back. Alas, it was just a dream. ","['#mcrib', '#depressed']","I dreamt that #McRib was back. Alas, it was just a dream. #depressed",0
301,5.50E+17,5.50E+17,12/30/2014,vblazenka,I want to read books and learn more. But books are to damn expensive. Reading PDF format from computer screen sucks. ,['#depressed'],I want to read books and learn more. But books are to damn expensive. Reading PDF format from computer screen sucks. #depressed,0
303,5.50E+17,5.50E+17,12/30/2014,katebytheocean0," because I had a dream @ralligatorrr & I were on springbreak in cancun, woke up and realized I was still in Ohio & it's December???≠",['#depressed'],"#depressed because I had a dream @ralligatorrr & I were on springbreak in cancun, woke up and realized I was still in Ohio & it's December???≠",0
304,5.50E+17,5.50E+17,12/30/2014,kellyk19781,@RFC_Daryl LW next I bet! Let's start going to the golf! We can get pished all day! ,['#depressed'],@RFC_Daryl LW next I bet! Let's start going to the golf! We can get pished all day! #depressed,0
305,5.50E+17,5.50E+17,12/30/2014,drugdepression,Hi // I'll be gone for a while // stay strong    pic.twitter.com/vcnKc6gsDC,"['#depression', '#depressed']",Hi // I'll be gone for a while // stay strong #depression #depressed  pic.twitter.com/vcnKc6gsDC,1
306,5.50E+17,5.50E+17,12/30/2014,miss_enclaire,so I just found out that my crush is gay neh..and mind you I have an ex who is gay..I think am cursed ,['#depressed'],so I just found out that my crush is gay neh..and mind you I have an ex who is gay..I think am cursed #depressed,0
309,5.50E+17,5.50E+17,12/30/2014,avulasunil,Was expecting this from Dhoni but thought he will say 4th test will be his last.  ,"['#dhoniretires', '#missyoumsd', '#depressed']",Was expecting this from Dhoni but thought he will say 4th test will be his last.#DhoniRetires #MissYouMSD #Depressed,0
310,5.50E+17,5.50E+17,12/30/2014,joshlatumahina,"Such a great condition upon new year, no rest for the weary ",['#depressed'],"Such a great condition upon new year, no rest for the weary #depressed",0
311,5.50E+17,5.50E+17,12/30/2014,crazy5sosmonkey,That feeling when everyone is just giving up on you but you're still fighting for them...argh  ,"['#thatfeeling', '#depressed']",That feeling when everyone is just giving up on you but you're still fighting for them...argh #thatfeeling #depressed,1
312,5.50E+17,5.50E+17,12/30/2014,davidbates04,A week without me car now ???©???© ,['#depressed'],A week without me car now ???©???© #depressed,0
316,5.50E+17,5.50E+17,12/30/2014,coop7888,Why didn't I book today and tomorrow off??!!!! ,['#depressed'],Why didn't I book today and tomorrow off??!!!! #Depressed,0
318,5.50E+17,5.50E+17,12/30/2014,abouton98,And so she drinks to numb the pain away because it's easier this way. This way she has control.  ,"['#depressed', '#lostandalone']",And so she drinks to numb the pain away because it's easier this way. This way she has control. #depressed #lostandalone,0
320,5.50E+17,5.50E+17,12/30/2014,larsonsydney10,The fact that I'm leaving warm weather and palm trees for negative weather and snow literally could make me cry.  ??å¥‚??Ô∏è‚ùÑÔ∏è ???≠???≠???≠,['#depressed'],The fact that I'm leaving warm weather and palm trees for negative weather and snow literally could make me cry. #depressed ??å¥‚??Ô∏è‚ùÑÔ∏è ???≠???≠???≠,0
321,5.50E+17,5.50E+17,12/30/2014,casszubes,If i stay actually just changed me ,['#depressed'],If i stay actually just changed me #depressed,1
323,5.50E+17,5.50E+17,12/30/2014,baileybaby69,I'm on my way with my best friend to the airport. She flies back to the states today.   ,"['#depressed', '#somanymemories', '#shewillbemissed']",I'm on my way with my best friend to the airport. She flies back to the states today. #depressed #somanymemories #shewillbemissed,0
325,5.50E+17,5.50E+17,12/30/2014,amirsham2000,Sometimes I understand why Kurt Cobain blew his head off...,['#depressed'],Sometimes I understand why Kurt Cobain blew his head off...#depressed,0
328,5.50E+17,5.50E+17,12/30/2014,genesimmonsphd,Dr. Gene offers mental wellbeing to  souls. ,"['#depressed', '#dearmentalhealthprofessionals']",Dr. Gene offers mental wellbeing to #depressed souls. #DearMentalHealthProfessionals,0
332,5.50E+17,5.50E+17,12/30/2014,daniellyyss,Sleeping with my dog for the last time b4 the trip ,['#depressed'],Sleeping with my dog for the last time b4 the trip #depressed,0
342,5.50E+17,5.50E+17,12/30/2014,stephanie_stitt,"honestly just wanna watch OTH & have no Netflix to do that, so ",['#depressed'],"honestly just wanna watch OTH & have no Netflix to do that, so #depressed",0
343,5.50E+17,5.50E+17,12/30/2014,coffeebrue,New  Instagram by @another_lost_girl Watching Ellen cuz she makes me happy ???? - - - { ... pic.twitter.com/RII4ZUsTNT,"['#coffee', '#depressed', '#depression']",New #Coffee Instagram by @another_lost_girl Watching Ellen cuz she makes me happy ???? - - - {#depressed #depression... pic.twitter.com/RII4ZUsTNT,0
347,5.50E+17,5.50E+17,12/30/2014,brooklynnleeann,I wish I didn't feel like I bothered you all of the time.. ,['#depressed'],I wish I didn't feel like I bothered you all of the time.. #depressed,1
348,5.50E+17,5.50E+17,12/30/2014,katnew15,Is it even trail mix if pretzels are just left ???£???í ,['#depressed'],Is it even trail mix if pretzels are just left ???£???í #depressed,0
351,5.50E+17,5.50E+17,12/30/2014,kfayemac,"this is one of those nights where I just want to get in my truck & drive, & think. .? ????",['#depressed'],"this is one of those nights where I just want to get in my truck & drive, & think. #depressed.? ????",0
353,5.50E+17,5.50E+17,12/30/2014,hiimmingming,"- From December 26, 2012 - January 12, 2013 Was The Worst 18 Day's Of My Fucking Life ???¢   ","['#depressed', '#tears', '#wanttobealone']","- From December 26, 2012 - January 12, 2013 Was The Worst 18 Day's Of My Fucking Life ???¢ #Depressed #Tears #WantToBeAlone",1
355,5.50E+17,5.50E+17,12/30/2014,nurani_ca,So tired to blend in ??‚ñΩ?ã    pic.twitter.com/S71Lb5dNeo,"['#depressed', '#feelalone', '#tired']",So tired to blend in ??‚ñΩ?ã #depressed #feelalone #tired pic.twitter.com/S71Lb5dNeo,1
356,5.50E+17,5.50E+17,12/30/2014,xxxpharaohxxx,I lost my facebook account...i wonder whats next.. ,['#depressed'],I lost my facebook account...i wonder whats next.. #depressed,0
357,5.50E+17,5.50E+17,12/30/2014,citoyumi,I'm actually not  for once. I'm going into  as a new me. I hope anyhow. ,"['#depressed', '#hope']",I'm actually not #depressed for once. I'm going into #2015 as a new me. I hope anyhow. #hope,0
361,5.50E+17,5.50E+17,12/30/2014,baileyfit24,Weirdly without Monday football night  ,"['#nfl', '#depressed']",Weirdly without Monday football night #nfl #depressed,0
362,5.50E+17,5.50E+17,12/30/2014,silly1221,Music can be the worst or best thing    pic.twitter.com/X3zNEgk9td,"['#music', '#depressed', '#hopeful']",Music can be the worst or best thing #music #depressed #hopeful pic.twitter.com/X3zNEgk9td,0
367,5.50E+17,5.50E+17,12/30/2014,oohlalaliezl,still feeling like crap. havent had a good christmas in quite a few years   ,"['#depressed', '#sad', '#needmotivation']",still feeling like crap. havent had a good christmas in quite a few years #depressed #sad #needmotivation,1
370,5.50E+17,5.50E+17,12/30/2014,silentinshadow,I want peace. A life with no conflict. Do I have to die to find peace?  'suck it up or commit suicide'? Is that my only options? ,['#depressed'],I want peace. A life with no conflict. Do I have to die to find peace?  'suck it up or commit suicide'? Is that my only options? #depressed,1
373,5.50E+17,5.50E+17,12/30/2014,paige_brumm,It's weird that I get 300x more depressed over Christmas break every year.  ,"['#depressed', '#isolated']",It's weird that I get 300x more depressed over Christmas break every year. #depressed #isolated,1
374,5.50E+17,5.50E+17,12/30/2014,babygirl5312,Today is just Monday and I have one this week before going back to wat I call a nightmare SCHOOL!!  ,"['#thestruggleisreal', '#depressed']",Today is just Monday and I have one this week before going back to wat I call a nightmare SCHOOL!! #thestruggleisreal #depressed,1
377,5.50E+17,5.50E+17,12/30/2014,sheltonkay,That was a horrible decision. The Fault in the Stars all alone ???≠???≠  ,"['#depressed', '#loveddeep']",That was a horrible decision. The Fault in the Stars all alone ???≠???≠ #depressed #loveddeep,0
378,5.50E+17,5.50E+17,12/30/2014,hanclarky,why in the deepest darkest depths of winter did I look through holiday photos from last summer?  ,"['#depressed', '#takemeback']",why in the deepest darkest depths of winter did I look through holiday photos from last summer? #depressed #takemeback,0
380,5.50E+17,5.50E+17,12/30/2014,samstew95,Just had a craving for ce fiore and then I remembered it's gone forever  ???î,['#depressed'],Just had a craving for ce fiore and then I remembered it's gone forever #depressed ???î,0
383,5.50E+17,5.50E+17,12/30/2014,jj_willis_15,Jamba Juice isn't in the mall anymore ???ï???±???¢,['#depressed'],Jamba Juice isn't in the mall anymore ???ï???±???¢#Depressed,0
385,5.50E+17,5.50E+17,12/29/2014,briphillips259,"Depressed and lonely /: Stuck in a deep, never ending hole :(  ","['#sadness', '#depressed']","Depressed and lonely /: Stuck in a deep, never ending hole :( #sadness #depressed",1
392,5.50E+17,5.50E+17,12/29/2014,mikielopez,"6+ yrs of saving & my eye sight staying the same, i was excited for ... Just found out; im not a candidate.  very ","['#lasik', '#fml', '#depressed']","6+ yrs of saving & my eye sight staying the same, i was excited for #lasik... Just found out; im not a candidate. #fml very #depressed",1
394,5.50E+17,5.50E+17,12/29/2014,dustynhall1,"Just woke up because let's be real, can't be upset or angry if you just sleep all day.   ","['#lazy', '#depressed', '#sleepingthedayaway']","Just woke up because let's be real, can't be upset or angry if you just sleep all day. #lazy #depressed #sleepingthedayaway",1
399,5.50E+17,5.50E+17,12/29/2014,anthonygathings,@aacobe so you no its bibby time  lol,['#depressed'],@aacobe so you no its bibby time #depressed lol,0
401,5.50E+17,5.50E+17,12/29/2014,therealfis,You know you're depressed when most of your friends have ps4 and your stuck on ps3  dealing with drama from 12 year olds :'( ,['#depressed'],You know you're depressed when most of your friends have ps4 and your stuck on ps3  dealing with drama from 12 year olds :'( #depressed,0
403,5.50E+17,5.50E+17,12/29/2014,m_a_spring,"Finally a famous football team is in the UAE but as usual i have bad luck and i can't go see them ,  not only over this",['#depressed'],"Finally a famous football team is in the UAE but as usual i have bad luck and i can't go see them , #depressed not only over this",0
404,5.50E+17,5.50E+17,12/29/2014,travisauru5,Not going to Decadence after all‚Ä¶ ,['#depressed'],Not going to Decadence after all‚Ä¶ #depressed,0
407,5.50E+17,5.50E+17,12/29/2014,sstkennedy,"I feel like it again, it's been so long since I've been life this. I want to but I don't.  ","['#imfuckedup', '#depressed']","I feel like it again, it's been so long since I've been life this. I want to but I don't. #ImFuckedUp #depressed",1
408,5.50E+17,5.50E+17,12/29/2014,saffsooo,  Whats going to happen to my life now .,"['#o2lforever', '#o2lmemories', '#depressed']",#O2Lforever #o2lmemories Whats going to happen to my life now #depressed.,0
412,5.50E+17,5.50E+17,12/29/2014,kayfromm,I don't know how I did it but I made the worst ceasar imaginable. And I'm the king at making ceasars... ,['#depressed'],I don't know how I did it but I made the worst ceasar imaginable. And I'm the king at making ceasars... #depressed,1
415,5.50E+17,5.50E+17,12/29/2014,crystallommen,Feels like no one wants to talk to me   ,"['#lonely', '#sad', '#depressed']",Feels like no one wants to talk to me #Lonely #sad #depressed,1
416,5.50E+17,5.50E+17,12/29/2014,shannonburnss,The amount ae fucking spots I have right now honestly makes me wanty cry  ???≠???≠,['#depressed'],The amount ae fucking spots I have right now honestly makes me wanty cry #depressed ???≠???≠,1
417,5.50E+17,5.50E+17,12/29/2014,jbeaugrand13,Reality has set in.  I'm jobless.   ,"['#upset', '#depressed', '#sad']",Reality has set in.  I'm jobless. #upset #depressed #SAD,1
419,5.50E+17,5.50E+17,12/29/2014,saltphoenix,And literally 30 or more things that was the reason to live and how to not be  but wasn't really AT ALL. A++ for intent tho.,['#depressed'],And literally 30 or more things that was the reason to live and how to not be #depressed but wasn't really AT ALL. A++ for intent tho.,1
421,5.50E+17,5.50E+17,12/29/2014,saltphoenix,Her: You?!? Depressed?!? But you are ALWAYS SMILING!!  Me: Right. I've learned not to go out in public . It isn't safe out here.,['#depressed'],Her: You?!? Depressed?!? But you are ALWAYS SMILING!!  Me: Right. I've learned not to go out in public #depressed. It isn't safe out here.,1
422,5.50E+17,5.50E+17,12/29/2014,saltphoenix,"Lawdy how come only people that wanna help a  person are the 1st ones to say shit like: ""Smile! You're prettier when you smile!""",['#depressed'],"Lawdy how come only people that wanna help a #depressed person are the 1st ones to say shit like: ""Smile! You're prettier when you smile!""",0
423,5.50E+17,5.50E+17,12/29/2014,mrkauffman1951j,"""@freedrugrehabs: Addiction goes beyond drugs and alcohol. When you're , anything has the potential to control your life""ben there",['#depressed'],"""@freedrugrehabs: Addiction goes beyond drugs and alcohol. When you're #depressed, anything has the potential to control your life""ben there",0
425,5.50E+17,5.50E+17,12/29/2014,holly_lennon,Reading and watching the fault in our stars in the space of a week wasn't the best idea  ??????å†,['#depressed'],Reading and watching the fault in our stars in the space of a week wasn't the best idea #depressed ??????å†,0
427,5.50E+17,5.50E+17,12/29/2014,onsdey46,i feel like i'm a prisoner of my own life.. like as if my life was a jail and i'm doing a lifetime sentence ,['#depressed'],i feel like i'm a prisoner of my own life.. like as if my life was a jail and i'm doing a lifetime sentence #depressed,1
428,5.50E+17,5.50E+17,12/29/2014,jjhornj,I've come to the realization that my phone isn't going to make it through the day. ,['#depressed'],I've come to the realization that my phone isn't going to make it through the day. #depressed,1
430,5.50E+17,5.50E+17,12/29/2014,briaparker93,Up at 4:30am for an airport run and I'm not even going on holiday! ,['#depressed'],Up at 4:30am for an airport run and I'm not even going on holiday! #depressed,0
431,5.50E+17,5.50E+17,12/29/2014,tanyap03,I have exactly one more month to enjoy being in my 20's.   ,"['#gettingold', '#depressed', '#wheredidthetimego']",I have exactly one more month to enjoy being in my 20's. #GettingOld #Depressed #WhereDidTheTimeGo,1
434,5.50E+17,5.50E+17,12/29/2014,lucyannmellish,"Laying in bed eating dinner for one, watching netflix! Surely there's more to life?!   ","['#depressed', '#skint', '#christmascomedown']","Laying in bed eating dinner for one, watching netflix! Surely there's more to life?! #depressed #skint #christmascomedown",1
439,5.50E+17,5.50E+17,12/29/2014,koons_h12,I'm really kinda missing the poms team???î???≠??íï ,['#depressed'],I'm really kinda missing the poms team???î???≠??íï #depressed,0
449,5.50E+17,5.50E+17,12/29/2014,linpari,"@iagarwal5 I never knew this !! Oh my god , why ? ",['#depressed'],"@iagarwal5 I never knew this !! Oh my god , why ? #Depressed",0
450,5.50E+17,5.50E+17,12/29/2014,khokharaiman,the  people are the  ones..,"['#funniest', '#depressed']",the #FUNNIEST people are the #DEPRESSED ones..,0
451,5.50E+17,5.50E+17,12/29/2014,9oh2one0,Goodbye world I look like a newborn and will never be emerging from under my comforter  & ,"['#bald', '#depressed']",Goodbye world I look like a newborn and will never be emerging from under my comforter #bald & #depressed,0
452,5.50E+17,5.50E+17,12/29/2014,tommy_roldan31,No haircut today ???´    Work in a bit  smh,['#depressed'],No haircut today ???´ #depressed   Work in a bit  smh,1
453,5.50E+17,5.50E+17,12/29/2014,bwjuvie,"That moment your mom buys you a Phone, (._.) and she buys the exact phone you told her not to buy.   I hate ","['#depressed', '#lumia']","That moment your mom buys you a Phone, (._.) and she buys the exact phone you told her not to buy. #Depressed  I hate #Lumia",0
459,5.50E+17,5.50E+17,12/29/2014,lovelypebblez,I luv the fact how I feel so alone :'( life sucks ass I love them and I luv how family is supposed to be here 4 you well fuck it  ,['#depressed'],I luv the fact how I feel so alone :'( life sucks ass I love them and I luv how family is supposed to be here 4 you well fuck it  #depressed,1
460,5.50E+17,5.50E+17,12/29/2014,sarahjaffre,Last week in NYC... Can't beleive it's been two months already. Time goes SO fast !  ,"['#depressed', '#nostalgic']",Last week in NYC... Can't beleive it's been two months already. Time goes SO fast ! #depressed #nostalgic,0
462,5.50E+17,5.50E+17,12/29/2014,ccr1018,No one changed the radio station in the office. It's still on Christmas music.  ???≠,['#depressed'],No one changed the radio station in the office. It's still on Christmas music. #depressed ???≠,0
465,5.50E+17,5.50E+17,12/29/2014,shereeoc,Yep...I have them feels right now   pic.twitter.com/BafudqfBEy,['#depressed'],Yep...I have them feels right now #depressed  pic.twitter.com/BafudqfBEy,0
470,5.50E+17,5.50E+17,12/29/2014,engineermatarai,OKAY! TAAS NA KAMAY KO! DI KO MARETRIEVE UNG PICTURES FROM LAST NIGHT'S ROAD TOUR! KILL ME NOW!!! :'( ,['#depressed'],OKAY! TAAS NA KAMAY KO! DI KO MARETRIEVE UNG PICTURES FROM LAST NIGHT'S ROAD TOUR! KILL ME NOW!!! :'( #DEPRESSED,0
474,5.50E+17,5.50E+17,12/29/2014,richjonesuk,Social media can be the worst thing ever!  ,"['#nottherealworld', '#depressed']",Social media can be the worst thing ever! #nottherealworld #depressed,0
479,5.50E+17,5.50E+17,12/29/2014,marriedlisa,I need a job! Sick of Fredericton. Got to head west like everyone else   ,"['#money', '#job', '#depressed']",I need a job! Sick of Fredericton. Got to head west like everyone else #money #job #depressed,1
481,5.50E+17,5.50E+17,12/29/2014,1nonlyrina,Scratched 2 inches ice off the car 2 go sledging.After being done we had enough snow and stayed at home   pic.twitter.com/RaRHNljLMt,['#depressed'],Scratched 2 inches ice off the car 2 go sledging.After being done we had enough snow and stayed at home #Depressed  pic.twitter.com/RaRHNljLMt,0
484,5.50E+17,5.50E+17,12/29/2014,nuteller,Duno why I decided to weigh myself and  check my bank balance all in one morning ,['#depressed'],Duno why I decided to weigh myself and  check my bank balance all in one morning #depressed,0
486,5.50E+17,5.50E+17,12/29/2014,tsamnani,Cant believe theres less then a week to school! ,['#depressed'],Cant believe theres less then a week to school! #depressed,0
487,5.50E+17,5.50E+17,12/29/2014,em_mcniskin,Not ready for vacation to be over.   ,"['#sadtweet', '#depressed', '#hopingforbetterthings']",Not ready for vacation to be over. #sadtweet #depressed #hopingforbetterthings,0
488,5.50E+17,5.50E+17,12/29/2014,catjanebailey,"It's turning into a feel like crying night but can't, mmm.  times",['#depressed'],"It's turning into a feel like crying night but can't, mmm. #depressed times",1
491,5.50E+17,5.50E+17,12/29/2014,bennybenson91,Wish I had took holidays instead of being at work ,['#depressed'],Wish I had took holidays instead of being at work #depressed,1
495,5.49E+17,5.49E+17,12/29/2014,podgette,"This can't be right, being back at work so soon ",['#depressed'],"This can't be right, being back at work so soon #depressed",0
496,5.49E+17,5.49E+17,12/29/2014,bethesdaist,"Apparently my stomach can no longer handle extra spicy chili without trying to kill me. What's next, rice pudding and Ensure? ",['#depressed'],"Apparently my stomach can no longer handle extra spicy chili without trying to kill me. What's next, rice pudding and Ensure? #depressed",0
497,5.49E+17,5.49E+17,12/29/2014,trraylorr_13,I thought leaving would make it better. It did but then it got worse .    ‚ù§Ô∏è,"['#depressed', '#memories', '#portlandforever']",I thought leaving would make it better. It did but then it got worse . #Depressed #Memories #PortlandForever ‚ù§Ô∏è,1
500,5.49E+17,5.49E+17,12/29/2014,loganstarkson14,The only thing a selfie sunday reminds me of is that tomorrow is monday ,['#depressed'],The only thing a selfie sunday reminds me of is that tomorrow is monday #depressed,0
502,5.49E+17,5.49E+17,12/29/2014,scarletkarma,I'm so  that I dropped my phone in the toilet.... I'm no longer  for now....  ugggh,"['#depressed', '#teamandroid', '#teamwindows']",I'm so #depressed that I dropped my phone in the toilet.... I'm no longer #TeamAndroid for now.... #TeamWindows ugggh,0
505,5.49E+17,5.49E+17,12/29/2014,godspearl30,Just woke up  but want to go back 2 sleep. ,['#depressed'],Just woke up  but want to go back 2 sleep. #depressed,1
507,5.49E+17,5.49E+17,12/29/2014,wellsie82,Back to work like nothing ever happened ,['#depressed'],Back to work like nothing ever happened #depressed,1
511,5.49E+17,5.49E+17,12/29/2014,lindastrassle,Feeling so down on myself . . I have a lot of work ahead of myself but I need to do it ,['#depressed'],Feeling so down on myself . . I have a lot of work ahead of myself but I need to do it #depressed,1
516,5.49E+17,5.49E+17,12/29/2014,ahhbraaay,I was not included in that tweet... ,['#depressed'],I was not included in that tweet... #depressed,0
521,5.49E+17,5.49E+17,12/29/2014,mayabayaaa,I hate not having a job. ,['#depressed'],I hate not having a job. #depressed,1
524,5.49E+17,5.49E+17,12/29/2014,xoxoanita90,"I seriously need to stay off Pinterest, I want to try too many things and my bank account just wont let me ???¢   .","['#depressed', '#cricut', '#paint']","I seriously need to stay off Pinterest, I want to try too many things and my bank account just wont let me ???¢ #depressed #Cricut #Paint.",0
535,5.49E+17,5.49E+17,12/29/2014,irishfanneilson,When you finally realize your dreams may not happen...??ë???ë????î???î  ,"['#depressed', '#mediocrelife']",When you finally realize your dreams may not happen...??ë???ë????î???î #depressed #mediocrelife,1
538,5.49E+17,5.49E+17,12/29/2014,jamie99_jamie,Granny's out ???î I shall eat chocolate to make myself feel better ???≠    ??íî,"['#mnwild', '#favoritefinn', '#depressed']",Granny's out ???î I shall eat chocolate to make myself feel better ???≠ #mnwild #favoritefinn #depressed ??íî,0
539,5.49E+17,5.49E+17,12/29/2014,sydney27prince,When the male elves on lord of the rings have better hair than you... ,['#depressed'],When the male elves on lord of the rings have better hair than you... #depressed,0
541,5.49E+17,5.49E+17,12/29/2014,yunita_yanti99,Finally the fuck shit was sending fast ,['#depressed'],Finally the fuck shit was sending fast #depressed,0
546,5.49E+17,5.49E+17,12/29/2014,oneillkat,Tyler and I need to stop watching sad movies ,['#depressed'],Tyler and I need to stop watching sad movies #depressed,0
547,5.49E+17,5.49E+17,12/29/2014,killa__e,so my phones in rice because i dropped it in soup earlier  ,"['#noemojis', '#depressed']",so my phones in rice because i dropped it in soup earlier #noemojis #depressed,0
552,5.49E+17,5.49E+17,12/29/2014,jumbojoez,Been feeling so depressed today I think my problem is I have a big heart or maybe its the fact that I do care idk  ,"['#feelingdown', '#depressed']",Been feeling so depressed today I think my problem is I have a big heart or maybe its the fact that I do care idk #feelingdown #depressed,1
558,5.49E+17,5.49E+17,12/29/2014,schuby2by,"I give u all u want &when I say Omg look! I always get late reactions, or you just straight up miss it.   pic.twitter.com/MXifaMocGY",['#depressed'],"I give u all u want &when I say Omg look! I always get late reactions, or you just straight up miss it. #depressed  pic.twitter.com/MXifaMocGY",1
563,5.49E+17,5.49E+17,12/29/2014,david4242,Would you sign a petition to have Barnes & Noble stay open past 9pm?  ,['#depressed'],Would you sign a petition to have Barnes & Noble stay open past 9pm?  #Depressed,0
564,5.49E+17,5.49E+17,12/29/2014,msmalam,Never looking for pity. Just looking for company and consolation.   ,"['#suicideisreal', '#depressed', '#needmybestfriendrichard']",Never looking for pity. Just looking for company and consolation. #suicideisreal #depressed #needmybestfriendRichard,1
567,5.49E+17,5.49E+17,12/29/2014,desirayxmariex,haven't been on Twitter all day. ,['#depressed'],haven't been on Twitter all day. #depressed,1
569,5.49E+17,5.49E+17,12/29/2014,inmyskinnydream,"God knows why we're  Only he can set us free ""For in much wisdom is much grief and he that increaseth knowledge increaseth sorrow""",['#depressed'],"God knows why we're #depressed Only he can set us free ""For in much wisdom is much grief and he that increaseth knowledge increaseth sorrow""",0
570,5.49E+17,5.49E+17,12/29/2014,skimmylatte,4 days off in a row shld be nice but shittiest holiday in recent yrs. Xmas on Thur not ideal  home alone Thxgod  delivery,"['#depressed', '#thaifood']",4 days off in a row shld be nice but shittiest holiday in recent yrs. Xmas on Thur not ideal #depressed home alone Thxgod #thaifood delivery,0
572,5.49E+17,5.49E+17,12/29/2014,averageragegame,Last play of my Raiders till August ,['#depressed'],Last play of my Raiders till August #depressed,0
573,5.49E+17,5.49E+17,12/29/2014,thorny_pony,That moment when u really need a hug bt u alne and ts midnyt...will jus hug a pillow instead..,['#depressed'],That moment when u really need a hug bt u alne and ts midnyt...will jus hug a pillow instead..#depressed,1
577,5.49E+17,5.49E+17,12/29/2014,rayveniael,"Have you ever felt so  and , that you had horrible thoughts?Who do you turn to when you have no one? No one you can trust","['#hopeless', '#depressed']","Have you ever felt so #hopeless and #depressed, that you had horrible thoughts?Who do you turn to when you have no one? No one you can trust",1
578,5.49E+17,5.49E+17,12/29/2014,onlinedick,yeah I watch depressing films like cyberbully because I'm sad and I can connect with it  ,"['#depressed', '#saveme']",yeah I watch depressing films like cyberbully because I'm sad and I can connect with it #depressed #saveme,1
579,5.49E+17,5.49E+17,12/28/2014,pharmatherapist,Medication doesn't teach  people how to feel better or do better; this is something they have to learn for themselves. ,"['#depressed', '#depression']",Medication doesn't teach #depressed people how to feel better or do better; this is something they have to learn for themselves. #depression,0
580,5.49E+17,5.49E+17,12/28/2014,juliawright0405,"Watching Air Force One, good film but not paying much interest in it. Feel too rough ",['#depressed'],"Watching Air Force One, good film but not paying much interest in it. Feel too rough #depressed",1
583,5.49E+17,5.49E+17,12/28/2014,gellyman226,"As the days draw near to the end, I feel as though I'm suffocating and losing a piece of me. It never should've come to this... ",['#depressed'],"As the days draw near to the end, I feel as though I'm suffocating and losing a piece of me. It never should've come to this... #depressed",1
584,5.49E+17,5.49E+17,12/28/2014,anicecreamcone,Love to find pics of me! (not my pic) Because love hurts ???ß???•    ??íî,"['#depressed', '#need', '#icecream']",Love to find pics of me! (not my pic) Because love hurts ???ß???• #Depressed #Need #Icecream ??íî,0
587,5.49E+17,5.49E+17,12/28/2014,mshotton1993,Little things that affect you massively.  ,"['#onadowner', '#depressed']",Little things that affect you massively. #OnADowner #Depressed,1
592,5.49E+17,5.49E+17,12/28/2014,j4veed,So I had three big tubs of Ben & Jerrys at my mums and she gave them all to my sister  ???¢???¢???¢,['#depressed'],So I had three big tubs of Ben & Jerrys at my mums and she gave them all to my sister #Depressed ???¢???¢???¢,0
593,5.49E+17,5.49E+17,12/28/2014,sophiewilsonnx,hate seeing a shit photo of yourself and you think 'is that what i really look like'???´  ,"['#depressed', '#amsougly']",hate seeing a shit photo of yourself and you think 'is that what i really look like'???´ #depressed #amsougly,1
595,5.49E+17,5.49E+17,12/28/2014,nicolasmith43,Can't believe I had 4 days off work and I'm back in tomorrow  ????????,['#depressed'],Can't believe I had 4 days off work and I'm back in tomorrow #depressed ????????,0
604,5.49E+17,5.49E+17,12/28/2014,nekosoto,Watching your  video is a good way to remind yourself of why you're ,"['#facebookyearinreview', '#depressed']",Watching your #FacebookYearInReview video is a good way to remind yourself of why you're #depressed,1
607,5.49E+17,5.49E+17,12/28/2014,tobywan74,Not looking forward to New Years Eve. Going to be alone. Makes me depressed just thinking about it.   ,"['#depressed', '#lonely', '#loneliness']",Not looking forward to New Years Eve. Going to be alone. Makes me depressed just thinking about it. #depressed #lonely #loneliness,1
612,5.49E+17,5.49E+17,12/28/2014,jade_muers,One more night in edinburgh would've been perfect ???© ,['#depressed'],One more night in edinburgh would've been perfect ???© #Depressed,0
613,5.49E+17,5.49E+17,12/28/2014,jade_muers,Back in the toon ???î Get me home & into bed???´ ,['#depressed'],Back in the toon ???î Get me home & into bed???´ #Depressed,0
615,5.49E+17,5.49E+17,12/28/2014,emmarrobinson_,Nobody has ever felt as bad I feel today  ,"['#depressed', '#lifethoughts']",Nobody has ever felt as bad I feel today #depressed #lifethoughts,1
616,5.49E+17,5.49E+17,12/28/2014,gdisckaraoke,Got to regretfully admit that this years Top Gear Christmas Special was rubbish. The only good thing was the cars :-/ ,['#depressed'],Got to regretfully admit that this years Top Gear Christmas Special was rubbish. The only good thing was the cars :-/ #depressed,0
619,5.49E+17,5.49E+17,12/28/2014,krissynight95,Won't get to see the Amazing Beautiful adopted mom on New Years Eve didn't see her on Christmas either     :-(,"['#depressed', '#sad', '#disapointed']",Won't get to see the Amazing Beautiful adopted mom on New Years Eve didn't see her on Christmas either  #depressed #sad #disapointed :-(,0
621,5.49E+17,5.49E+17,12/28/2014,garretpage,The ravens are up 20-10 over the browns with under 4 mins to go. It isn't looking good for the texans.   ,"['#clevsbal', '#jaxvshou', '#depressed']",The ravens are up 20-10 over the browns with under 4 mins to go. It isn't looking good for the texans. #CLEvsBAL #JAXvsHOU #depressed,0
623,5.49E+17,5.49E+17,12/28/2014,b_rich939,Jus when something makes you happy it fucking puts you right back in your place ,['#depressed'],Jus when something makes you happy it fucking puts you right back in your place #depressed,1
636,5.49E+17,5.49E+17,12/28/2014,katarina_x0,should of just slept through this charger game ,['#depressed'],should of just slept through this charger game #depressed,0
640,5.49E+17,5.49E+17,12/28/2014,krushant_pandya,Wondering whether Flight travelling is safe?  How can a plane just go missing?  ,"['#airasia', '#depressed']",Wondering whether Flight travelling is safe?  How can a plane just go missing? #AirAsia #depressed,0
646,5.49E+17,5.49E+17,12/28/2014,nadirox,Mi stress out...Spanish Town Shopping Centre celebrating 25yrs and mi memba when dem had the groundbreaking   ,"['#nomorebirthdays', '#depressed']",Mi stress out...Spanish Town Shopping Centre celebrating 25yrs and mi memba when dem had the groundbreaking  #nomorebirthdays #depressed,0
647,5.49E+17,5.49E+17,12/28/2014,ruthneeps, damn blizzard in rankin making me wait longer to see my babe ???©,['#depressed'],#depressed damn blizzard in rankin making me wait longer to see my babe ???©,0
650,5.49E+17,5.49E+17,12/28/2014,_aimee88,Noooo Jim??íî???≠ You will be missed next season! ,['#depressed'],Noooo Jim??íî???≠ You will be missed next season! #Depressed,0
652,5.49E+17,5.49E+17,12/28/2014,ldeemsx,Just ate half a tub of ice cream half a tub of clotted cream with a shit load of Galaxy on top ,['#depressed'],Just ate half a tub of ice cream half a tub of clotted cream with a shit load of Galaxy on top #Depressed,1
655,5.49E+17,5.49E+17,12/28/2014,_thee_chosenone,Only thing I've done today is brushed my teeth & took a bath ...  ,"['#depressed', '#stressed']",Only thing I've done today is brushed my teeth & took a bath ... #Depressed #Stressed,1
657,5.49E+17,5.49E+17,12/28/2014,kera5,Sometimes i just want to be alone......... Forever  ,"['#depressed', '#fuckoff']",Sometimes i just want to be alone......... Forever #depressed #fuckoff,1
658,5.49E+17,5.49E+17,12/28/2014,jucrewss,Chris is leaving and dad isn't here and Made isn't here to clean and the weather isn't super amazing ,['#depressed'],Chris is leaving and dad isn't here and Made isn't here to clean and the weather isn't super amazing #depressed,0
661,5.49E+17,5.49E+17,12/28/2014,j26winter94,Last Sunday being able to watch the purple and gold for awhile ???? ,['#depressed'],Last Sunday being able to watch the purple and gold for awhile ???? #depressed,0
662,5.49E+17,5.49E+17,12/28/2014,schoettle27,Wish I was watching a meaningful game. ,['#depressed'],Wish I was watching a meaningful game. #Depressed,0
663,5.49E+17,5.49E+17,12/28/2014,connolly_tim,Last red zone Sunday for a long time ,['#depressed'],Last red zone Sunday for a long time #depressed,0
667,5.49E+17,5.49E+17,12/28/2014,erinooh,sometimes i have dreams that 5sos are my bestfriends& we hangout a lot but then i wake up and realize they don't know i exist ,['#depressed'],sometimes i have dreams that 5sos are my bestfriends& we hangout a lot but then i wake up and realize they don't know i exist #depressed,0
670,5.49E+17,5.49E+17,12/28/2014,why_depression,Have to be skinnier.  Have to be prettier.  Have to be smarter.  Have to be anything  But myself.  ,"['#depression', '#depressed']",Have to be skinnier.  Have to be prettier.  Have to be smarter.  Have to be anything  But myself. #depression #depressed,1
672,5.49E+17,5.49E+17,12/28/2014,moanie88,Can't believe I've had 9 days off already and that I'm back to work tomorrow! ,['#depressed'],Can't believe I've had 9 days off already and that I'm back to work tomorrow! #depressed,0
682,5.49E+17,5.49E+17,12/28/2014,jimmer211993,Start rehearsals for RSC Open Stages Macbeth next Sunday! Should be good if I can get in the mood! ,['#depressed'],Start rehearsals for RSC Open Stages Macbeth next Sunday! Should be good if I can get in the mood! #Depressed,0
687,5.49E+17,5.49E+17,12/28/2014,ya_mna_r_khan," , every time somebody tries to do something good, so much is fabricated that common man fails to decipher ","['#depressed', '#reclaimyourmosques']","#depressed , every time somebody tries to do something good, so much is fabricated that common man fails to decipher #ReclaimYourMosques",1
688,5.49E+17,5.49E+17,12/28/2014,clairez_74,Sometimes I just wonder is it all worth it  ,"['#fedup', '#depressed']",Sometimes I just wonder is it all worth it #FedUp #depressed,1
693,5.49E+17,5.49E+17,12/28/2014,elevs5,Cracking on with these masters assignments! ???£ only 4 to go without any being completed already! ,['#depressed'],Cracking on with these masters assignments! ???£ only 4 to go without any being completed already! #Depressed,0
696,5.49E+17,5.49E+17,12/28/2014,amethystjohns,"Came home from vaca seeing a run over kitten in front of our house, which died hours later after incurring severe loss of blood. ",['#depressed'],"Came home from vaca seeing a run over kitten in front of our house, which died hours later after incurring severe loss of blood. #depressed",1
698,5.49E+17,5.49E+17,12/28/2014,mosiqi,"So after a 10 month hiatus, I watch a movie in a multiplex and it's Ugly! Maybe I was better off not watching any. ",['#depressed'],"So after a 10 month hiatus, I watch a movie in a multiplex and it's Ugly! Maybe I was better off not watching any. #depressed",0
701,5.49E+17,5.49E+17,12/28/2014,riell_delavega,Give up now on the one I like and I'll regret it the rest of my life... ,['#depressed'],Give up now on the one I like and I'll regret it the rest of my life... #depressed,0
702,5.49E+17,5.49E+17,12/28/2014,cj429,Spending my last day off in bed rough as hell... And the sun is shining ???î ,['#depressed'],Spending my last day off in bed rough as hell... And the sun is shining ???î #depressed,0
703,5.49E+17,5.49E+17,12/28/2014,niamhcoyle,Mind that night out I had over Christmas?! Nah me either! ,['#depressed'],Mind that night out I had over Christmas?! Nah me either! #depressed,0
710,5.49E+17,5.49E+17,12/28/2014,kgau08,Turning 25 in a few weeks... Getting old sucks!!! ,['#depressed'],Turning 25 in a few weeks... Getting old sucks!!! #depressed,0
714,5.49E+17,5.49E+17,12/28/2014,shhooosh,Back to work this morning! :( ,['#depressed'],Back to work this morning! :( #depressed,0
716,5.49E+17,5.49E+17,12/28/2014,joshuajuiel18,So I fucked up my car ??íî now I can't sleep ,['#depressed'],So I fucked up my car ??íî now I can't sleep #depressed,0
717,5.49E+17,5.49E+17,12/28/2014,andrewtrapalis,"God, people victimize me and put me down. Like what did I do to you? Are u jealous or? My whole life man like why fkin me ",['#depressed'],"God, people victimize me and put me down. Like what did I do to you? Are u jealous or? My whole life man like why fkin me #depressed",1
721,5.49E+17,5.49E+17,12/28/2014,genesimmonsphd," or ? Non-Profit Organization offers help, 24/7. 1-800-273-TALK (8255)","['#anxious', '#depressed']","#Anxious or #Depressed? Non-Profit Organization offers help, 24/7. 1-800-273-TALK (8255)",0
723,5.49E+17,5.49E+17,12/28/2014,austin_funk13,I miss my friends and family. ,['#depressed'],I miss my friends and family. #depressed,1
734,5.49E+17,5.49E+17,12/28/2014,sademostatuses,ur all i ever think of.... whyd u have to go.  ,"['#alone', '#depressed']",ur all i ever think of.... whyd u have to go. #alone #depressed,1
736,5.49E+17,5.49E+17,12/28/2014,jvolk2,More snow in Boise than here in the AK ,['#depressed'],More snow in Boise than here in the AK #depressed,0
737,5.49E+17,5.49E+17,12/28/2014,alexiaarmanious,watching my sister's keeper this late was not my best idea ,['#depressed'],watching my sister's keeper this late was not my best idea #depressed,0
743,5.49E+17,5.49E+17,12/28/2014,jasmineputrus,I literally tweeted I don't like people ate Stevenson and got more favorites on that than I do on a picture of me???ê ,['#depressed'],I literally tweeted I don't like people ate Stevenson and got more favorites on that than I do on a picture of me???ê #depressed,0
744,5.49E+17,5.49E+17,12/28/2014,liliana_loydd,Three blunts left then I have to re-up  ,"['#sad', '#depressed']",Three blunts left then I have to re-up #sad #depressed,0
755,5.49E+17,5.49E+17,12/28/2014,axledwards,11:05 on a Saturday and im home alone watching Eragon.  ,"['#whatislife', '#depressed']",11:05 on a Saturday and im home alone watching Eragon. #WhatIsLife #Depressed,0
756,5.49E+17,5.49E+17,12/28/2014,mickeyblueyesx,Might as well just sleep  ???•,['#depressed'],Might as well just sleep #depressed ???•,1
757,5.49E+17,5.49E+17,12/28/2014,dettezilla,Been listening to Metallica and Nirvana the whole day. ,['#depressed'],Been listening to Metallica and Nirvana the whole day. #Depressed,0
761,5.49E+17,5.49E+17,12/28/2014,mugsymel,I always get  between Dec. 26 and . And really on into January. ?,"['#depressed', '#newyearseve', '#isitjustme']",I always get #depressed between Dec. 26 and #NewYearsEve. And really on into January. #IsItJustMe?,0
762,5.49E+17,5.49E+17,12/28/2014,katriana_palmer,I can't get myself out of this rut. I want to die. But I care too much about everyone else. So I will continue to be miserable. ,['#depressed'],I can't get myself out of this rut. I want to die. But I care too much about everyone else. So I will continue to be miserable. #depressed,1
770,5.49E+17,5.49E+17,12/28/2014,katriana_palmer,I am so depressed right now I don't even know how I'm functioning.   ,"['#depressed', '#bpd', '#sad']",I am so depressed right now I don't even know how I'm functioning. #Depressed #bpd #sad,1
772,5.49E+17,5.49E+17,12/28/2014,shawnpknox,"I've been in a funk all day, just feeling a little down  ","['#depressed', '#tears']","I've been in a funk all day, just feeling a little down #depressed #tears",1
773,5.49E+17,5.49E+17,12/28/2014,slweirich,Going to have to say goodbye to our beloved pup in the upcoming weeks. ,['#depressed'],Going to have to say goodbye to our beloved pup in the upcoming weeks. #depressed,1
775,5.49E+17,5.49E+17,12/28/2014,msmirandakay,OTH got me feeling some type of way.  ???≠,['#depressed'],OTH got me feeling some type of way. #depressed ???≠,0
785,5.49E+17,5.49E+17,12/28/2014,sapphsweeetdoll,"Seriously missing summer, got my blonde highlights, nude nails & workouts ready for 2015... Oh wait it's fucking -49 degrees out ",['#depressed'],"Seriously missing summer, got my blonde highlights, nude nails & workouts ready for 2015... Oh wait it's fucking -49 degrees out #depressed",0
786,5.49E+17,5.49E+17,12/28/2014,cassie_bennett3,"If there's one thing I hate, its being ignored. And everybody seems to be doing just that. Ugh.   ","['#aggrivated', '#depressed', '#ugh']","If there's one thing I hate, its being ignored. And everybody seems to be doing just that. Ugh. #aggrivated #depressed #ugh",1
788,5.49E+17,5.49E+17,12/28/2014,sudsglenside,Not looking forward to the last day of @nflredzone tomorrow. ,['#depressed'],Not looking forward to the last day of @nflredzone tomorrow. #depressed,0
794,5.49E+17,5.49E+17,12/28/2014,_heatherterry,Lately - nothing has been going right . ,['#depressed'],Lately - nothing has been going right . #depressed,1
795,5.49E+17,5.49E+17,12/28/2014,itsmedyk,"Even if I should decide to enter into a new  with a new guy, who'd want me now? I'm a ,  excuse of a person.","['#relationship', '#depressed', '#pathetic']","Even if I should decide to enter into a new #relationship with a new guy, who'd want me now? I'm a #depressed, #pathetic excuse of a person.",1
796,5.49E+17,5.49E+17,12/28/2014,carlosjaynino,"I took an order to people who lived in a million dollar home, and they didn't even tip ???ë ",['#depressed'],"I took an order to people who lived in a million dollar home, and they didn't even tip ???ë #Depressed",0
800,5.49E+17,5.49E+17,12/28/2014,inktomilady,@FreshFryBread lol! How am I supposed 2 play said tune when   ect?,"['#depressed', '#sad']",@FreshFryBread lol! How am I supposed 2 play said tune when #depressed #sad ect?,0
809,5.49E+17,5.49E+17,12/27/2014,zachy_lanzz,not even in school and anatomy still manages to ruin my day. fuck that bitch of a teacher too ???≠???≠???≠???≠ ,['#depressed'],not even in school and anatomy still manages to ruin my day. fuck that bitch of a teacher too ???≠???≠???≠???≠ #depressed,0
812,5.49E+17,5.49E+17,12/27/2014,stephc32cain,My Hoosiers and Cards both lost today???© AND the sun has been out 2x in the past 13 days!!  ,"['#depressed', '#dontletmedowncolts']",My Hoosiers and Cards both lost today???© AND the sun has been out 2x in the past 13 days!! #depressed #dontletmedowncolts,0
815,5.49E+17,5.49E+17,12/27/2014,joe_afterglow,Have to get up at 5am for work.   pic.twitter.com/LevUGdTSnP,['#depressed'],Have to get up at 5am for work. #depressed  pic.twitter.com/LevUGdTSnP,0
816,5.49E+17,5.49E+17,12/27/2014,lesliebraddock,And again the same problems as all season and last year and the year before.  ,"['#depressed', '#canes']",And again the same problems as all season and last year and the year before. #depressed #canes,0
817,5.49E+17,5.49E+17,12/27/2014,skulls__,"??íÄ‚Ä¢What ""I'm Fine"" really means‚Ä¢??íÄ   pic.twitter.com/8AGOTjdGZh","['#depressed', '#ugh', '#grunge']","??íÄ‚Ä¢What ""I'm Fine"" really means‚Ä¢??íÄ#depressed #ugh #Grunge pic.twitter.com/8AGOTjdGZh",0
819,5.49E+17,5.49E+17,12/27/2014,lwcprez,"I lost a bet to my nephew, Lucas! This is what I'm wearing for the rest of the day.   pic.twitter.com/Y1H0s3lTmO",['#depressed'],"I lost a bet to my nephew, Lucas! This is what I'm wearing for the rest of the day. #depressed  pic.twitter.com/Y1H0s3lTmO",0
820,5.49E+17,5.49E+17,12/27/2014,ma612305,Getting on the jd and coke   ,"['#depressed', '#psnisdown', '#cheekynandos']",Getting on the jd and coke #depressed #psnisdown #cheekynandos,0
822,5.49E+17,5.49E+17,12/27/2014,katebizarre,It would be great to have a mother that listens. ,['#depressed'],It would be great to have a mother that listens. #depressed,1
823,5.49E+17,5.49E+17,12/27/2014,shashin_maker,So what do you do when your favorite chinese restaurant closes after coming in for 10 years? You go into withdrawal.  ,"['#depressed', '#hungry']",So what do you do when your favorite chinese restaurant closes after coming in for 10 years? You go into withdrawal. #depressed #hungry,0
828,5.49E+17,5.49E+17,12/27/2014,chloelynndancer,You know you're  when a friend wants to come upstairs to say hi and you can't even fathom sitting up much less talking,['#depressed'],You know you're #depressed when a friend wants to come upstairs to say hi and you can't even fathom sitting up much less talking,1
833,5.49E+17,5.49E+17,12/27/2014,katriana_palmer,Binge/purge: once. Eat/purge: once. Only two thirty. Fuck this. I'm going to bed.  ,"['#edprobs', '#depressed']",Binge/purge: once. Eat/purge: once. Only two thirty. Fuck this. I'm going to bed. #EDprobs #depressed,0
836,5.49E+17,5.49E+17,12/27/2014,bossleidyx3,I honestly don't even wanna go to work.  ,"['#depressed', '#heartbroken']",I honestly don't even wanna go to work. #depressed #HeartBroken,1
837,5.49E+17,5.49E+17,12/27/2014,kiwii_thasavage,Hope he gets better ??ôè ‚Äú@MickeyDeadBish: Uncle Back In The Hospital ‚Äù,['#depressed'],Hope he gets better ??ôè ‚Äú@MickeyDeadBish: Uncle Back In The Hospital #Depressed‚Äù,0
839,5.49E+17,5.49E+17,12/27/2014,ftman_23,"sometimes, you need to pretend that everything is okay even its not.  ","['#depressed', '#depression']","sometimes, you need to pretend that everything is okay even its not. #depressed #depression",1
841,5.49E+17,5.49E+17,12/27/2014,lilnutsy_,Just watched The Hobbit The Battle of The Five Armies... I am weak... so so so damn weak... :'(  ... ,"['#ughcantbelievethatsagaisover', '#depressed']",Just watched The Hobbit The Battle of The Five Armies... I am weak... so so so damn weak... :'( #UghCantBelievethatSagaisOver ... #depressed,0
844,5.49E+17,5.49E+17,12/27/2014,__teamnino,My Worse Fear About This Whole Thing Has Cane True.???î ,['#depressed'],My Worse Fear About This Whole Thing Has Cane True.???î #Depressed,1
845,5.49E+17,5.49E+17,12/27/2014,nicharpen,"Went to  earlier today, didn't feel like buying anything ???©. ","['#louisvuitton', '#depressed']","Went to #LouisVuitton earlier today, didn't feel like buying anything ???©. #depressed",0
846,5.49E+17,5.49E+17,12/27/2014,bgrohski,This game in El Paso looks like a high school game ,['#depressed'],This game in El Paso looks like a high school game #depressed,0
847,5.49E+17,5.49E+17,12/27/2014,jennyelwooduk,In the bath swimming about like a dolphin and there's not hot water left fml  ,"['#hungover', '#depressed']",In the bath swimming about like a dolphin and there's not hot water left fml #hungover #depressed,0
850,5.49E+17,5.49E+17,12/27/2014,kaystroxo,Holy moley this is the dreaded moment... when an extrovert is alone for the first time after the holidays ???≠  ,"['#depressed', '#someonecometalktome']",Holy moley this is the dreaded moment... when an extrovert is alone for the first time after the holidays ???≠ #depressed #someonecometalktome,0
851,5.49E+17,5.49E+17,12/27/2014,satyam_c,@CarreraE3 Why would you introduce me to a show with only one season?! Brooklyn Nine-Nine come back!   ,"['#depressed', '#netflix', '#productiviteagain']",@CarreraE3 Why would you introduce me to a show with only one season?! Brooklyn Nine-Nine come back! #Depressed #Netflix #ProductiviteAgain,0
852,5.49E+17,5.49E+17,12/27/2014,bluemenpachi,Didnt find out until later. Ths is the LAST burger I'll eat frm Four Winds in GA. They closed for good...   pic.twitter.com/TrA5cuVqyk,['#depressed'],Didnt find out until later. Ths is the LAST burger I'll eat frm Four Winds in GA. They closed for good... #Depressed  pic.twitter.com/TrA5cuVqyk,0
853,5.49E+17,5.49E+17,12/27/2014,lillrahman,a neend in need is a neend indeed   ,"['#sleeepless', '#depressed']",a neend in need is a neend indeed  #sleeepless #depressed,0
854,5.49E+17,5.49E+17,12/27/2014,chineselinkguru,"Irrespective of the level someone is , sympathizing will definitely help him/her have some rest.",['#depressed'],"Irrespective of the level someone is #depressed, sympathizing will definitely help him/her have some rest.",0
856,5.49E+17,5.49E+17,12/27/2014,miriamprever,Should really now start this 3000 word essay and revision   ,"['#uni', '#christmasisover', '#depressed']",Should really now start this 3000 word essay and revision #Uni #christmasisover #depressed,0
857,5.49E+17,5.49E+17,12/27/2014,beastmorphersx,I'm starting to wonder if  is actually looking out for me right now. I would say why but I'm too embarrassed. I'm 2 low class ,"['#god', '#depressed']",I'm starting to wonder if #God is actually looking out for me right now. I would say why but I'm too embarrassed. I'm 2 low class #depressed,1
861,5.49E+17,5.49E+17,12/27/2014,champloo0,"I only miss the memories, not you   ","['#memories', '#depressed', '#singleforlife']","I only miss the memories, not you #memories #depressed #singleforlife",1
862,5.49E+17,5.49E+17,12/27/2014,fifithestaff,Been left and grandma's house want to see mummy and daddy   ,"['#depressed', '#itsadogslife', '#notahappypuppy']",Been left and grandma's house want to see mummy and daddy #depressed #itsadogslife #notahappypuppy,1
870,5.49E+17,5.49E+17,12/27/2014,iiffiy,Damn so much snow why did I even look outside  ???î,['#depressed'],Damn so much snow why did I even look outside #depressed ???î,0
875,5.49E+17,5.49E+17,12/27/2014,court_nicole38,I gotta get dressed for work now  ???≠???≠???≠,['#depressed'],I gotta get dressed for work now #depressed ???≠???≠???≠,0
878,5.49E+17,5.49E+17,12/27/2014,chatty_86,Well just thoroughly depressed myself while sifting through photos from Australia to burn to CD for my Nana  ,"['#depressed', '#wanttogoback']",Well just thoroughly depressed myself while sifting through photos from Australia to burn to CD for my Nana #depressed #wanttogoback,0
889,5.49E+17,5.49E+17,12/27/2014,taylordemarcs,getting my hair cut today ??ôà??ôà??ôà??ôà  ,"['#nomoreombre', '#depressed']",getting my hair cut today ??ôà??ôà??ôà??ôà #nomoreombre #depressed,0
893,5.49E+17,5.49E+17,12/27/2014,hansufrin,Woke up looking at my poor shattered phone ,['#depressed'],Woke up looking at my poor shattered phone #depressed,0
894,5.49E+17,5.49E+17,12/27/2014,sandaemann,No idea what to say to myself ,['#depressed'],No idea what to say to myself #depressed,1
905,5.49E+17,5.49E+17,12/27/2014,imnotscaaared,Love that character     pic.twitter.com/uRCSKr2or8,"['#effystonem', '#skins', '#depressed']",Love that character #effystonem #skins #depressed  pic.twitter.com/uRCSKr2or8,0
910,5.49E+17,5.49E+17,12/27/2014,marshawright,Before you label yourself as  or low  make sure you're not simply in fact surrounded by... pic.twitter.com/QrpK8Kn9pR,"['#depressed', '#selfesteem']",Before you label yourself as #depressed or low #selfesteem make sure you're not simply in fact surrounded by... pic.twitter.com/QrpK8Kn9pR,0
912,5.49E+17,5.49E+17,12/27/2014,starrkeisha2,I hate it I hate it I hate it I hate it I HATE IT LIFE I HATE   ,"['#depression', '#sadness', '#depressed']",I hate it I hate it I hate it I hate it I HATE IT LIFE I HATE #depression #sadness #depressed,1
913,5.49E+17,5.49E+17,12/27/2014,badluckloser,"So sick of having the same new year resolution.. To get hitch, get love and be happy..maybe  will be just staying alive..",['#depressed'],"So sick of having the same new year resolution.. To get hitch, get love and be happy..maybe #2015 will be just staying alive..#depressed",1
917,5.49E+17,5.49E+17,12/27/2014,tristannichole1,Why is it the most depressing thing when your book ends....... Especially not in a satisfactory way! ???≠???≠???≠???≠??ë?  ,"['#bookwormproblems', '#depressed']",Why is it the most depressing thing when your book ends....... Especially not in a satisfactory way! ???≠???≠???≠???≠??ë? #bookwormproblems #depressed,0
922,5.49E+17,5.49E+17,12/27/2014,superbobbie,Back at work! ! This week off went so fast ;(,['#depressed'],Back at work! #Depressed! This week off went so fast ;(,0
928,5.49E+17,5.49E+17,12/27/2014,illaaaayy,Grinchmas ends in a week and I haven't gone and probably won't go. ???î ,['#depressed'],Grinchmas ends in a week and I haven't gone and probably won't go. ???î #depressed,0
930,5.49E+17,5.49E+17,12/27/2014,itstaranormal,"Also, I finally caved and ""viewed my year"" on fb. Made me feel more  than  ....thanks, Facebook. ???¨","['#depressed', '#blessed']","Also, I finally caved and ""viewed my year"" on fb. Made me feel more #depressed than #blessed ....thanks, Facebook. ???¨",0
931,5.49E+17,5.49E+17,12/27/2014,kashmmommy,I wish I had a way of dealing with the pain. Instead I just cry and and hold my sleeping child  ,"['#depressed', '#morethanwords']",I wish I had a way of dealing with the pain. Instead I just cry and and hold my sleeping child #depressed #MoreThanWords,1
932,5.49E+17,5.49E+17,12/27/2014,huffyy1213,I could really go for a giant glass a milk and I have none.  ,"['#depressed', '#nosupply']",I could really go for a giant glass a milk and I have none. #depressed #nosupply,1
934,5.49E+17,5.49E+17,12/27/2014,nanaisbasic,Wish there was more to my life??ëΩ   ,"['#life', '#live', '#depressed']",Wish there was more to my life??ëΩ #life #live #depressed,1
937,5.49E+17,5.49E+17,12/27/2014,twistay1,What do you do when your mother starts to hate a person you love?   pic.twitter.com/MTXm2Hxduj,"['#depressed', '#cantsleep']",What do you do when your mother starts to hate a person you love? #depressed #cantsleep pic.twitter.com/MTXm2Hxduj,0
938,5.49E+17,5.49E+17,12/27/2014,1000sammi,Here I go again.. No sleep leads to overthinking. And now I have to deal with people again. ,['#depressed'],Here I go again.. No sleep leads to overthinking. And now I have to deal with people again. #depressed,1
939,5.49E+17,5.49E+17,12/27/2014,rae_hadley,I'm cramping so fucking bad but bb boy isn't here to rub my tummy. ???¢ ,['#depressed'],I'm cramping so fucking bad but bb boy isn't here to rub my tummy. ???¢ #depressed,1
940,5.49E+17,5.49E+17,12/27/2014,kadewalpole,Now that I've seen all of the The Lord Of the Rings movies I have nothing to look forward to... ,['#depressed'],Now that I've seen all of the The Lord Of the Rings movies I have nothing to look forward to... #depressed,0
941,5.49E+17,5.49E+17,12/27/2014,darcella_styles,"  About to have a breakdown, I really need a friend","['#anxiety', '#depressed']","#anxiety #depressed About to have a breakdown, I really need a friend",1
942,5.49E+17,5.49E+17,12/27/2014,crisllamozas,why would someone write a movie like The Fault in Our Stars? :'( ,['#depressed'],why would someone write a movie like The Fault in Our Stars? :'( #Depressed,0
946,5.49E+17,5.49E+17,12/27/2014,swagishbieber,I wake up everyday wishing i didn't.....   ,"['#depression', '#depressing', '#depressed']",I wake up everyday wishing i didn't..... #depression #depressing #depressed,1
950,5.49E+17,5.49E+17,12/27/2014,tammytj73,"Keep wondering how my life could've turned out, if not shaped by certain . Feeling  & .","['#events', '#lonely', '#depressed']","Keep wondering how my life could've turned out, if not shaped by certain #events. Feeling #lonely & #depressed.",1
952,5.49E+17,5.49E+17,12/27/2014,noemi_333,"If Danny thinks I'm depressed because I ate 375 calories of maple syrup, then he's probably right   girl coming through",['#depressed'],"If Danny thinks I'm depressed because I ate 375 calories of maple syrup, then he's probably right  #depressed girl coming through",1
957,5.49E+17,5.49E+17,12/27/2014,drehailey,Losing somebody that means the world to you ???ñ???∞???∞???∞???∞???´???´???´,['#depressed'],Losing somebody that means the world to you ???ñ???∞???∞???∞???∞???´???´???´#Depressed,1
961,5.49E+17,5.49E+17,12/27/2014,aydentnick,I can't sleep because if this   ???î ,"['#wtf', '#depressed', '#losingmyself']",I can't sleep because if this #wtf #depressed ???î #losingmyself,1
963,5.49E+17,5.49E+17,12/27/2014,madhart24,I really hate movies about relationships. ,['#depressed'],I really hate movies about relationships. #depressed,0
965,5.49E+17,5.49E+17,12/27/2014,bigmoosecat,I am in complete Christmas withdrawl #???•  ,"['#tomorrowthetreecomesdown', '#depressed']",I am in complete Christmas withdrawl #???• #tomorrowtheTreecomesdown #depressed,0
971,5.49E+17,5.49E+17,12/27/2014,messmaker2298,I've slept the better part of two days away   .,"['#sick', '#depressed', '#stressed']",I've slept the better part of two days away #sick #depressed #stressed.,1
973,5.49E+17,5.49E+17,12/27/2014,prosperityog,@TeeqoFaZe Didnt make the Teeqo OMEGLE CUT!!!!! :( ,['#depressed'],@TeeqoFaZe Didnt make the Teeqo OMEGLE CUT!!!!! :( #depressed,0
974,5.49E+17,5.49E+17,12/27/2014,brittanynoah,cannot believe i finished all 6 seasons of gossip girl in a week‚Ä¶. ,['#depressed'],cannot believe i finished all 6 seasons of gossip girl in a week‚Ä¶. #depressed,0
978,5.49E+17,5.49E+17,12/27/2014,shannonoreillyx,Like I'm going for a subway when I clearly shud be eating salad ??ê∑???≠ ,['#depressed'],Like I'm going for a subway when I clearly shud be eating salad ??ê∑???≠ #depressed,0
979,5.49E+17,5.49E+17,12/27/2014,jersey_misfit,Dwight Howard been playing like his girl broke up with him or something ,['#depressed'],Dwight Howard been playing like his girl broke up with him or something #depressed,0
984,5.49E+17,5.49E+17,12/27/2014,sadquoter,It's depressing because it's true???ï   pic.twitter.com/HNIl8JFKDx,['#depressed'],It's depressing because it's true???ï #depressed  pic.twitter.com/HNIl8JFKDx,0
985,5.49E+17,5.49E+17,12/27/2014,blughostbjj,This year was the first time I couldnt make it home for Christmas ,['#depressed'],This year was the first time I couldnt make it home for Christmas #Depressed,0
987,5.49E+17,5.49E+17,12/27/2014,fabriziobove,"Is the  clinically ? FT, 22 dec.  pic.twitter.com/OOpadOAi5M","['#west', '#depressed']","Is the #west clinically #depressed? FT, 22 dec.  pic.twitter.com/OOpadOAi5M",0
989,5.49E+17,5.49E+17,12/27/2014,kennetheads,GONNA DRINK A BUNCH OF WHISKEY TONIGHT BECAUSE I HAVE  AND THE HOLIDAYS GOT ME  JK BUT I AM GONNA DRINK WHISKEY,"['#alcoholism', '#depressed']",GONNA DRINK A BUNCH OF WHISKEY TONIGHT BECAUSE I HAVE #ALCOHOLISM AND THE HOLIDAYS GOT ME #DEPRESSED JK BUT I AM GONNA DRINK WHISKEY,1
992,5.49E+17,5.49E+17,12/27/2014,kariss_cox,I could prolly ball my eyes out right now...  ,"['#beyondsad', '#depressed']",I could prolly ball my eyes out right now... #beyondsad #depressed,1
994,5.49E+17,5.49E+17,12/27/2014,puszkowaty,I'm not go to the beach next week ,['#depressed'],I'm not go to the beach next week #Depressed,0
997,5.49E+17,5.49E+17,12/27/2014,yuhboy_jojo,Oh sorry I'm on your bestfriends list?   ,"['#disappointed', '#depressed']",Oh sorry I'm on your bestfriends list?  #Disappointed #Depressed,0
1000,5.50E+17,5.50E+17,12/31/2014,maddiesmith29,I need a concert in my life ???î   ,"['#concertfiend', '#depression', '#withdrawals']",I need a concert in my life ???î #concertfiend #depression #withdrawals,0
1007,5.50E+17,5.50E+17,12/31/2014,onlythetruth38,2015 hasnt started yet and I'm already fed up with it ,['#depression'],2015 hasnt started yet and I'm already fed up with it #depression,0
1012,5.50E+17,5.50E+17,12/31/2014,phdev85,  rules  doesn't don't let it win ???????â???Ü???Å??ëç??íï,"['#positivity', '#depression']",#positivity  rules #depression doesn't don't let it win ???????â???Ü???Å??ëç??íï,0
1013,5.50E+17,5.50E+17,12/31/2014,mjepitomeoflove,No one chooses . Its an illness not a choice.,['#depression'],No one chooses #depression. Its an illness not a choice.,0
1017,5.50E+17,5.50E+17,12/31/2014,phdev85,My life I take one day at a time I had  more than once & I won't let it take over my life  ,"['#depression', '#itwontwin', '#youarenotalone']",My life I take one day at a time I had #depression more than once & I won't let it take over my life #itwontwin #youarenotalone,1
1027,5.50E+17,5.50E+17,12/31/2014,osaxy,"The darkness looming around us this NEW time of YEAR, we must strongly send away no longer live in tears. ?©  ","['#sldquote', '#lupus', '#depression']","The darkness looming around us this NEW time of YEAR, we must strongly send away no longer live in tears. #SLDquote?© #Lupus #Depression",1
1033,5.50E+17,5.50E+17,12/31/2014,rinni,"It is all the same. Goodbye to crappy 2014, howdy and welcome equally crappy 2015! ???â   ","['#depression', '#depressionhurts', '#anxiety']","It is all the same. Goodbye to crappy 2014, howdy and welcome equally crappy 2015! ???â #depression #depressionhurts #anxiety",0
1047,5.50E+17,5.50E+17,12/31/2014,phdev85,I know  can be hard to live with don't waste your life help is always available seek it out ,"['#depression', '#lifeisworthliving']",I know #depression can be hard to live with don't waste your life help is always available seek it out #LifeIsWorthLiving,0
1049,5.50E+17,5.50E+17,12/31/2014,mjepitomeoflove,"My wish for 2015 is that no one suffering from  should EVER feel alone. That they would receive help, love, support & kindness.",['#depression'],"My wish for 2015 is that no one suffering from #depression should EVER feel alone. That they would receive help, love, support & kindness.",0
1052,5.50E+17,5.50E+17,12/31/2014,phdev85,The  is no joke as I have suffered from   myself at this time of year I implore you to look after yourself & loved ones,"['#newyear', '#depression']",The #NewYear is no joke as I have suffered from #depression  myself at this time of year I implore you to look after yourself & loved ones,0
1057,5.50E+17,5.50E+17,12/31/2014,phdev85,We're an hour away from the toughest months for people suffering from . Please keep a lookout on those nearest & dearest to you,['#depression'],We're an hour away from the toughest months for people suffering from #depression. Please keep a lookout on those nearest & dearest to you,0
1071,5.50E+17,5.50E+17,12/31/2014,tfhconline," is a garment of heaviness, another evil device of the devil, watch it!",['#depression'],"#Depression is a garment of heaviness, another evil device of the devil, watch it!",0
1077,5.50E+17,5.50E+17,12/31/2014,mghdepression,"Reminder: Our office is closed tomorrow, Thursday January 1, 2015. See you in the new year!   ","['#depressionresearch', '#depression', '#mood']","Reminder: Our office is closed tomorrow, Thursday January 1, 2015. See you in the new year! #DepressionResearch #depression #mood",0
1081,5.50E+17,5.50E+17,12/31/2014,mouldsy05,Well I've made the step towards a better 2015 by admitting I need help ,['#depression'],Well I've made the step towards a better 2015 by admitting I need help #depression,1
1100,5.50E+17,5.50E+17,12/31/2014,figandspud,"I will always love Spud.She is my rock and at low times, like now,she is my anchor.Happy new year Spud ",['#depression'],"I will always love Spud.She is my rock and at low times, like now,she is my anchor.Happy new year Spud #depression",0
1103,5.50E+17,5.50E+17,12/31/2014,suicidal_mouse,When you wished you never woke  ,"['#depression', '#jan12015']",When you wished you never woke #depression #Jan12015,1
1104,5.50E+17,5.50E+17,12/31/2014,jaynehardy_,"2014 has been super kind to me, I'll never forget it. Total lifechanger. Best year I've had since I was a teen. Blessed ",['#depression'],"2014 has been super kind to me, I'll never forget it. Total lifechanger. Best year I've had since I was a teen. Blessed #depression",0
1108,5.50E+17,5.50E+17,12/31/2014,londonmental," the road to recovery is a long and winding road that, may or may not actually be conquered. Try or die trying ","['#2014hastaughtme', '#depression']","#2014HasTaughtMe the road to recovery is a long and winding road that, may or may not actually be conquered. Try or die trying #depression",0
1117,5.50E+17,5.50E+17,12/31/2014,_lisaslife_,I know it's only pretend but Steve's story is really upsetting me  ,"['#corrie', '#depression']",I know it's only pretend but Steve's story is really upsetting me #corrie #depression,0
1125,5.50E+17,5.50E+17,12/31/2014,vuck_it, need to understand that  is NOT a phase it is the .,"['#people', '#depression', '#hell']",#people need to understand that #depression is NOT a phase it is the #hell.,0
1142,5.50E+17,5.50E+17,12/31/2014,canuckkat,I made two loafs of bread and ate half of one for lunch. that's enough productivity for one day ,['#depression'],I made two loafs of bread and ate half of one for lunch. that's enough productivity for one day #depression,1
1151,5.50E+17,5.50E+17,12/31/2014,odraterka,I need to cuddle someone sooooo bad!  ,"['#nye2015', '#depression']",I need to cuddle someone sooooo bad! #NYE2015 #depression,1
1157,5.50E+17,5.50E+17,12/31/2014,dustmyblues," and hell are exactly alike, except sometimes you get brief respites in hell.",['#depression'],"#depression and hell are exactly alike, except sometimes you get brief respites in hell.",0
1161,5.50E+17,5.50E+17,12/31/2014,figandspud,My heart goes out to Steve in Corrie. Know where yr coming from mate ,['#depression'],My heart goes out to Steve in Corrie. Know where yr coming from mate #depression,0
1168,5.50E+17,5.50E+17,12/31/2014,talkswithher,thankfully music saves me everything  ,"['#depression', '#anxiety']",thankfully music saves me everything #depression #Anxiety,0
1169,5.50E+17,5.50E+17,12/31/2014,mcmcboys,When you lose you McDonald's name tag   ,"['#mcskrewed', '#sad', '#depression']",When you lose you McDonald's name tag #mcskrewed #sad #depression,0
1183,5.50E+17,5.50E+17,12/31/2014,dannylybarger,This Ole Miss game is depressing to watch   ,"['#peachbowl', '#depression', '#blowout']",This Ole Miss game is depressing to watch #PeachBowl #depression #blowout,0
1191,5.50E+17,5.50E+17,12/31/2014,hayleyr2510, is a harsh illness I'm a sufferer n wen your at your lowest it's hard to get back up again if u do have depression tell someone,['#depression'],#Depression is a harsh illness I'm a sufferer n wen your at your lowest it's hard to get back up again if u do have depression tell someone,1
1194,5.50E+17,5.50E+17,12/31/2014,el88leons,How come theres no support or advice for people with  in the  Credits? Still frowned upon!  Disgusting!,"['#depression', '#coronationstreet', '#itv']",How come theres no support or advice for people with #Depression in the #CoronationStreet Credits? Still frowned upon! #ITV Disgusting!,0
1195,5.50E+17,5.50E+17,12/31/2014,kazzawohl," aw this Steve story is heartbreaking.  is THE Worst feeling in the world. Well done, great job on storyline ???â","['#coronationstreet', '#depression']","#coronationstreet aw this Steve story is heartbreaking. #depression is THE Worst feeling in the world. Well done, great job on storyline ???â",0
1199,5.50E+17,5.50E+17,12/31/2014,figandspud,   just cried floods of tears whilst watching 'gogglebox',"['#moodswings', '#depression']",#moodswings #depression  just cried floods of tears whilst watching 'gogglebox',0
1207,5.50E+17,5.50E+17,12/31/2014,doctor_moses,The worst part of working  is the  due to f'ed up melatonin and cortisol cycles.  ,"['#nights', '#depression', '#holidays']",The worst part of working #nights is the #depression due to f'ed up melatonin and cortisol cycles.  #holidays,1
1237,5.50E+17,5.50E+17,12/31/2014,jennanamika,I screwed myself over today by refilling my medication holder with the wrong amount of Zoloft. WTF self. That was dumb.  ,"['#depression', '#anxiety']",I screwed myself over today by refilling my medication holder with the wrong amount of Zoloft. WTF self. That was dumb. #depression #anxiety,1
1238,5.50E+17,5.50E+17,12/31/2014,redeemingme,"Psalm 34:17 KJV The righteous cry, and the Lord heareth, and delivereth them out of all their troubles.   ","['#giveittogod', '#nosorrows', '#depression']","Psalm 34:17 KJV The righteous cry, and the Lord heareth, and delivereth them out of all their troubles. #GiveItToGod #NoSorrows #depression",0
1259,5.50E+17,5.50E+17,12/31/2014,whenimthinner,"Ending the year the same way it started, depressed. Here's to a happier, more positive year!   ","['#depression', '#ed', '#hopeful']","Ending the year the same way it started, depressed. Here's to a happier, more positive year! #depression #ED #hopeful",1
1273,5.50E+17,5.50E+17,12/31/2014,ingridmart_99,Why can't the voices in my head shut up?!  ,"['#broken', '#depression']",Why can't the voices in my head shut up?! #broken #depression,1
1283,5.50E+17,5.50E+17,12/31/2014,ashleyqueen22,thank god this year is over tonight I hated this year so much had very bad year this year fuckd up year   ???¢??????íî???â,"['#depression', '#endof2014']",thank god this year is over tonight I hated this year so much had very bad year this year fuckd up year #depression #endof2014 ???¢??????íî???â,1
1288,5.50E+17,5.50E+17,12/31/2014,oldtownhypno,Ultimate step to overcoming  and  is to make a positive decision YOU are going to do something about it and when.,"['#anxiety', '#depression']",Ultimate step to overcoming #Anxiety and #depression is to make a positive decision YOU are going to do something about it and when.,0
1292,5.50E+17,5.50E+17,12/31/2014,materiahunter7,"Is everyone else in the world a  idiot, or am I wrong THAT often? ",['#depression'],"Is everyone else in the world a  idiot, or am I wrong THAT often? #depression",1
1312,5.50E+17,5.50E+17,12/31/2014,depresgirlprobs,Let the  and  games Begin!!  pic.twitter.com/jEa3RabTqs,"['#stress', '#depression']",Let the #Stress and #Depression games Begin!!  pic.twitter.com/jEa3RabTqs,0
1322,5.50E+17,5.50E+17,12/31/2014,namananiruddh," - worst day, 13 July, occasion-  final , min-  ..i couldn't eat my food for days..the sleep was gone.  ","['#fifa', '#argvsger', '#depression']","#2014 - worst day, 13 July, occasion- #fifa final , min- #113 ..i couldn't eat my food for days..the sleep was gone. #argvsger #depression",0
1324,5.50E+17,5.50E+17,12/31/2014,bullyinglte,It's not selfish to love yourself...it's necessary.     pic.twitter.com/cemC66SQc3,"['#bullying', '#anxiety', '#depression']",It's not selfish to love yourself...it's necessary. #bullying #anxiety #depression  pic.twitter.com/cemC66SQc3,0
1360,5.50E+17,5.50E+17,12/31/2014,skypetherapist,You do NOT have to be a victim of  or . Change is easier than you may think; you just have to go about it the right way.,"['#anxiety', '#depression']",You do NOT have to be a victim of #ANXIETY or #DEPRESSION. Change is easier than you may think; you just have to go about it the right way.,0
1388,5.50E+17,5.50E+17,12/31/2014,snobben1977,I wish I wasn't Here. I can't take this much longer. Feel worthless. Don't know how to change things.That's what  is like,['#depression'],I wish I wasn't Here. I can't take this much longer. Feel worthless. Don't know how to change things.That's what #depression is like,1
1399,5.50E+17,5.50E+17,12/31/2014,sir_olav,My : Being the nicest I can to other people. And making  my bitch this year.,"['#newyearsresolution', '#depression']",My #NewYearsResolution: Being the nicest I can to other people. And making #depression my bitch this year.,1
1401,5.50E+17,5.50E+17,12/31/2014,therealme_pdp,How was your ? Great fun or did you fake enjoyment? Feeling the same about New Years Eve? Need to talk?  ,"['#christmas', '#depression', '#coaching']",How was your #Christmas? Great fun or did you fake enjoyment? Feeling the same about New Years Eve? Need to talk? #depression #coaching,0
1411,5.50E+17,5.50E+17,12/31/2014,kidlou76,"Be yourself. If you can't love who u are then how can u expect someone to ""love""u.    ","['#bewell', '#depressionhurts', '#depression']","Be yourself. If you can't love who u are then how can u expect someone to ""love""u. #BeWell #depressionhurts #anxiety#love #depression",0
1417,5.50E+17,5.50E+17,12/31/2014,smirshekari,"The only possible  for  is trying to convince him/her by a huge . Of course they are right, come on!","['#cure', '#depression', '#lie']","The only possible #cure for #depression is trying to convince him/her by a huge #lie. Of course they are right, come on!",0
1419,5.50E+17,5.50E+17,12/31/2014,bekahlovesgreen,this year started off horrible and ended great. a lot can happen in a year.. ,"['#personal', '#depression']",this year started off horrible and ended great. a lot can happen in a year..#personal #depression,0
1422,5.50E+17,5.50E+17,12/31/2014,apyblog, to combat  make your bed in the AM so you're less inclined to get back in it & stay there all day.,"['#tip', '#depression']",#tip to combat #depression make your bed in the AM so you're less inclined to get back in it & stay there all day.,0
1439,5.50E+17,5.50E+17,12/31/2014,drnutritionshow,Low vitamin D levels contribute to .,['#depression'],Low vitamin D levels contribute to #depression.,0
1442,5.50E+17,5.50E+17,12/31/2014,oldtownhypno,"5th step to overcoming  and  is to open your mind, it's your own belief systems that are screwed up.  Find another truth.","['#anxiety', '#depression']","5th step to overcoming #Anxiety and #depression is to open your mind, it's your own belief systems that are screwed up.  Find another truth.",0
1444,5.50E+17,5.50E+17,12/31/2014,munn__a,So it's New Year's Eve and I have no plans for New Year's Eve ,['#depression'],So it's New Year's Eve and I have no plans for New Year's Eve #depression,0
1461,5.50E+17,5.50E+17,12/31/2014,shelby_goddard,Taking the Christmas decorations down today ???≠ ,['#depression'],Taking the Christmas decorations down today ???≠ #depression,0
1462,5.50E+17,5.50E+17,12/31/2014,pika_chui,I hate new year  .___.    ,"['#newyearseve', '#depression', '#fucktheworld']",I hate new year  .___.  #NewYearsEve #depression #fucktheworld,0
1476,5.50E+17,5.50E+17,12/31/2014,bullyinglte,Wasted breath. I wish you more smiles and less stress for the new year.     pic.twitter.com/BpqfpIYq9C,"['#bullying', '#anxiety', '#depression']",Wasted breath. I wish you more smiles and less stress for the new year. #bullying #anxiety #depression  pic.twitter.com/BpqfpIYq9C,0
1490,5.50E+17,5.50E+17,12/31/2014,acfick72,Won't you take me to Funky Town ... at Hanover Park Terminus.  ,"['#retrowednesday', '#depression']",Won't you take me to Funky Town ... at Hanover Park Terminus. #RetroWednesday #Depression,0
1506,5.50E+17,5.50E+17,12/31/2014,patmdr,About the friendship of to giants bound by the black dog    pic.twitter.com/CV6CRYPrKm,"['#depression', '#churchillchaplin', '#greatread']",About the friendship of to giants bound by the black dog #depression #churchillchaplin #GreatRead pic.twitter.com/CV6CRYPrKm,0
1517,5.50E+17,5.50E+17,12/31/2014,charliebrownjb,Always sad on New Year ???í Diff time of year 4 lot ppl. Always the hope the next year will b better.  wd b nice 2  ,"['#ge15', '#depression', '#hope']",Always sad on New Year ???í Diff time of year 4 lot ppl. Always the hope the next year will b better. #GE15 wd b nice 2 #depression #hope,0
1528,5.50E+17,5.50E+17,12/31/2014,illusivebs_,Sometimes love is so painful it eats you up until your nothing   ,"['#thoughtfulminds', '#depression', '#love']",Sometimes love is so painful it eats you up until your nothing #ThoughtfulMinds #depression #love,1
1534,5.50E+17,5.50E+17,12/31/2014,dunedinmedia,Low brain serotonin levels and the range of emotion available to sufferers of major depressive disorder   pic.twitter.com/HjjybMDHaX,['#depression'],Low brain serotonin levels and the range of emotion available to sufferers of major depressive disorder #depression  pic.twitter.com/HjjybMDHaX,0
1549,5.50E+17,5.50E+17,12/31/2014,everinmay,"Fellow   sufferers I'm trying to come off  and really struggling, any previous success stories to boost me?","['#ptsd', '#depression', '#mirtazipine']","Fellow #ptsd #depression sufferers I'm trying to come off #mirtazipine and really struggling, any previous success stories to boost me?",1
1552,5.50E+17,5.50E+17,12/31/2014,oldtownhypno,"4th step to overcoming  and  is to accept you need help, if you could have done it yourself, you would have, true?","['#anxiety', '#depression']","4th step to overcoming #Anxiety and #depression is to accept you need help, if you could have done it yourself, you would have, true?",0
1584,5.50E+17,5.50E+17,12/31/2014,weareselfhelp,"  Group is open every Wednesday, 3pm - 5pm at The Zion Centre, M15 4ZY. Call us for more info: 0161 226 3871","['#zion', '#depression']","#Zion #Depression Group is open every Wednesday, 3pm - 5pm at The Zion Centre, M15 4ZY. Call us for more info: 0161 226 3871",0
1592,5.50E+17,5.50E+17,12/31/2014,oldtownhypno,People with  or  think everything is about them.   can help you step back and see the big picture.,"['#anxiety', '#depression', '#hypnotherapy']",People with #anxiety or #depression think everything is about them.  #hypnotherapy can help you step back and see the big picture.,0
1599,5.50E+17,5.50E+17,12/31/2014,stellabean123,This is a time of year that people are loneliest. Give that lonely person a call or SMS to let them know you care  ,"['#newyearseve', '#depression']",This is a time of year that people are loneliest. Give that lonely person a call or SMS to let them know you care #NewYearsEve #depression,0
1631,5.50E+17,5.50E+17,12/31/2014,oldtownhypno,"3rd step to overcoming  and  is to realise that you need to change something. Do the same things, get the same results","['#anxiety', '#depression']","3rd step to overcoming #Anxiety and #depression is to realise that you need to change something. Do the same things, get the same results",0
1632,5.50E+17,5.50E+17,12/31/2014,busterbrooon,@ddlovato rowing 3000 miles across the Atlantic Ocean with  and  in a fight to  can I get a RT please ??ôè??ôè??ôè,"['#depression', '#ptsd', '#stopstigma']",@ddlovato rowing 3000 miles across the Atlantic Ocean with #depression and #PTSD in a fight to #StopStigma can I get a RT please ??ôè??ôè??ôè,0
1643,5.50E+17,5.50E+17,12/31/2014,stuartosmond,"New Years Eve- The night I dread and dislike the most,particularly at the moment. ","['#depression', '#newyearseve']","New Years Eve- The night I dread and dislike the most,particularly at the moment.#depression #NewYearsEve",0
1644,5.50E+17,5.50E+17,12/31/2014,marey_nobody,New years eve smh I wish I could take it back I miss u so ur smile ur laugh I want it all back but I cnt   ,"['#oct2510', '#imy', '#depression']",New years eve smh I wish I could take it back I miss u so ur smile ur laugh I want it all back but I cnt #oct2510 #imy #depression,0
1647,5.50E+17,5.50E+17,12/31/2014,yourhappinesway, is part of nature's survival system explains my guest John Shearer.,['#depression'],#Depression is part of nature's survival system explains my guest John Shearer.,0
1649,5.50E+17,5.50E+17,12/31/2014,_rebecagonzalez,   it will get better soon..... HOPEFULLY  pic.twitter.com/FwDjSaurI3,"['#bullying', '#sad', '#depression']",#bullying #sad #depression it will get better soon..... HOPEFULLY  pic.twitter.com/FwDjSaurI3,0
1663,5.50E+17,5.50E+17,12/31/2014,kasper_redghost,I want to give up. I want to go home. I feel like nothing and I'll never heal.   ,"['#depression', '#schizoeffective', '#hopeless']",I want to give up. I want to go home. I feel like nothing and I'll never heal. #depression #schizoeffective #Hopeless,1
1664,5.50E+17,5.50E+17,12/31/2014,kasper_redghost,"The worst kind of grief, screaming crying, is when it's for no reason other than voices in your head and chemicals in your brain ",['#depression'],"The worst kind of grief, screaming crying, is when it's for no reason other than voices in your head and chemicals in your brain #depression",1
1669,5.50E+17,5.50E+17,12/31/2014,meeandmrjones,I'm honestly really sad it's not snowing here  ,"['#depression', '#ilovesnow']",I'm honestly really sad it's not snowing here #depression #ilovesnow,0
1688,5.50E+17,5.50E+17,12/31/2014,iaspolitics113,Combined with ignorance on mental health. How hard is it to at least accept that the brain might be a really complicated organ? ,['#depression'],Combined with ignorance on mental health. How hard is it to at least accept that the brain might be a really complicated organ? #Depression,0
1698,5.50E+17,5.50E+17,12/31/2014,deanna_luvsu,This is why I can never be alone. ,['#depression'],This is why I can never be alone. #depression,0
1701,5.50E+17,5.50E+17,12/31/2014,picard4sarek,"It's as though being with her is depressing, but when we break up it lifts and I go back to the source of the . Hmm.",['#depression'],"It's as though being with her is depressing, but when we break up it lifts and I go back to the source of the #depression. Hmm.",1
1718,5.50E+17,5.50E+17,12/31/2014,mcmcboys,Robert looks like a lesbian   ,"['#prime', '#confused', '#depression']",Robert looks like a lesbian #prime #confused #depression,0
1720,5.50E+17,5.50E+17,12/31/2014,drcorona3," 2 dosorder (hypomania and ) is about 20%, while lesser grade Bipolar Spectrum Disorder is about 70 %","['#bipolar', '#depression']","#Bipolar 2 dosorder (hypomania and #depression) is about 20%, while lesser grade Bipolar Spectrum Disorder is about 70 %",0
1721,5.50E+17,5.50E+17,12/31/2014,jakestrain_,Deer season has flown by this year... ,['#depression'],Deer season has flown by this year... #depression,0
1728,5.50E+17,5.50E+17,12/31/2014,luthertiwaz,"Therapy is all screwed up during the holidays, left me feeling out of sorts worse than the holidays themselves  ","['#therapy', '#depression']","Therapy is all screwed up during the holidays, left me feeling out of sorts worse than the holidays themselves #therapy #depression",0
1730,5.50E+17,5.50E+17,12/31/2014,markpacitti,Whatever it takes to keep fucking  and bastard  at bay.  Wishing you a bloody happy New Year!  pic.twitter.com/3qWP4Lt25E,"['#anxiety', '#depression']",Whatever it takes to keep fucking #anxiety and bastard #depression at bay.  Wishing you a bloody happy New Year!  pic.twitter.com/3qWP4Lt25E,0
1735,5.50E+17,5.50E+17,12/31/2014,drcorona3,"The  in  disorder is deeper, darker, and more persistent than in unipolar disorder (depression).","['#depression', '#bipolar']","The #depression in #bipolar disorder is deeper, darker, and more persistent than in unipolar disorder (depression).",0
1736,5.50E+17,5.50E+17,12/31/2014,misshollywoodz,I'm so angry. Like I really hate it.  sucks & it's not as simple as ‚úåÔ∏èmaking oneself happy‚úåÔ∏è???í,['#depression'],I'm so angry. Like I really hate it. #depression sucks & it's not as simple as ‚úåÔ∏èmaking oneself happy‚úåÔ∏è???í,1
1739,5.50E+17,5.50E+17,12/31/2014,drcorona3,"Most of the time those who suffer with  disorder spend it in , not in mania or hypomania.","['#bipolar', '#depression']","Most of the time those who suffer with #bipolar disorder spend it in #depression, not in mania or hypomania.",0
1746,5.50E+17,5.50E+17,12/31/2014,ashleyqueen22,this year was fuckd up I can't wait for it to be over I hated this year still depressed hard time getting over it  ???¢??????íî,['#depression'],this year was fuckd up I can't wait for it to be over I hated this year still depressed hard time getting over it #depression ???¢??????íî,1
1762,5.50E+17,5.50E+17,12/31/2014,2bipolarchicks,I am finally feeling better. It's good to support each other when going thru things like . We all  each other out. ,"['#depression', '#help', '#bipolar']",I am finally feeling better. It's good to support each other when going thru things like #depression. We all #help each other out. #bipolar,0
1771,5.50E+17,5.50E+17,12/31/2014,2bipolarchicks,"If u feel lonely, afraid, desperate, empty inside, SUICIDAL..u r not alone. I've been there...& not that long ago.   ","['#depression', '#bipolar', '#sad']","If u feel lonely, afraid, desperate, empty inside, SUICIDAL..u r not alone. I've been there...& not that long ago. #depression #bipolar #SAD",0
1783,5.50E+17,5.50E+17,12/31/2014,luthertiwaz,Looked at a sparrow and thought about God's eye being on it...    shouldnt i find comfort in this?,"['#depression', '#meaning', '#sad']",Looked at a sparrow and thought about God's eye being on it... #depression #meaning #sad shouldnt i find comfort in this?,1
1785,5.50E+17,5.50E+17,12/31/2014,2bipolarchicks,I can now see all of your tweets on one timeline. Makes life a lot easier. Just say hello and I will add you!  ,"['#bipolar', '#depression']",I can now see all of your tweets on one timeline. Makes life a lot easier. Just say hello and I will add you! #bipolar #depression,0
1786,5.50E+17,5.50E+17,12/31/2014,leah_michal,Had a total meltdown on the way home from dinner.  ,"['#depression', '#bipolar']",Had a total meltdown on the way home from dinner. #depression #bipolar,1
1788,5.50E+17,5.50E+17,12/31/2014,fileebr,Can't wait to be rid of 2014   ,"['#horribleyear', '#lonely', '#depression']",Can't wait to be rid of 2014 #horribleyear #lonely #depression,1
1792,5.50E+17,5.50E+17,12/31/2014,sunkin_warrior,Really just want someone to talk to late at night. Someone who understands ,['#depression'],Really just want someone to talk to late at night. Someone who understands #depression,1
1798,5.50E+17,5.50E+17,12/31/2014,msmalam,Johnny Cash going on day three sleeping in my bed. I must be severely depressed cus he can sense it.  ,"['#kittylove', '#depression']",Johnny Cash going on day three sleeping in my bed. I must be severely depressed cus he can sense it. #kittylove #depression,0
1815,5.50E+17,5.50E+17,12/31/2014,bethperformer,I'm not sure why we get excited for  it's just one day closer to our deaths   - anyhow drink up tonight ???ç,"['#newyear', '#depression', '#blithe']",I'm not sure why we get excited for #newyear it's just one day closer to our deaths #depression #blithe - anyhow drink up tonight ???ç,0
1821,5.50E+17,5.50E+17,12/31/2014,jarlet007,"Be vewy, vewy quiet. I'm hunting my low self esteem, you wascalwy depwession you. Or, why I don't own a gun.  ","['#badday', '#depression']","Be vewy, vewy quiet. I'm hunting my low self esteem, you wascalwy depwession you. Or, why I don't own a gun. #badday #depression",1
1848,5.50E+17,5.50E+17,12/31/2014,kelsayyye13,i thought i was getting better :/ ,['#depression'],i thought i was getting better :/ #depression,1
1856,5.50E+17,5.50E+17,12/31/2014,ashleyqueen22,this year was fuckd up I can't wait for it to be over I hated this year still depressed hard time getting over it  ???¢??????íî fuck this,['#depression'],this year was fuckd up I can't wait for it to be over I hated this year still depressed hard time getting over it #depression ???¢??????íî fuck this,1
1857,5.50E+17,5.50E+17,12/31/2014,swhealth,Sometimes we need to revisit old places of pain to heal. ,['#depression'],Sometimes we need to revisit old places of pain to heal. #depression,0
1862,5.50E+17,5.50E+17,12/31/2014,skypetherapist,To Heal  you must make friends with your emotions. This creates the right conditions in which healing can occur. Please RT!,['#depression'],To Heal #DEPRESSION you must make friends with your emotions. This creates the right conditions in which healing can occur. Please RT!,0
1868,5.50E+17,5.50E+17,12/31/2014,jacksy15,Drinking my first pint at 10 in the morning fact ,['#depression'],Drinking my first pint at 10 in the morning fact #depression,0
1872,5.50E+17,5.50E+17,12/31/2014,sheslosstt,"""@bandobssessedm: I deserve every single one of them.    pic.twitter.com/KQKxsY3KZX""","['#selfharm', '#depression']","""@bandobssessedm: I deserve every single one of them. #selfharm #depression  pic.twitter.com/KQKxsY3KZX""",0
1874,5.50E+17,5.50E+17,12/31/2014,katrin_kleid,What I have to say about not posting since September is NEVER try suicide. Life is so worth so much more than a handful of pills.,['#depression'],What I have to say about not posting since September is NEVER try suicide. Life is so worth so much more than a handful of pills.#depression,1
1888,5.50E+17,5.50E+17,12/31/2014,ashleyqueen22,: this year was fuckd up I can't wait for it to be over I hated this year still depressed hard time getting over it  ???¢??????íî fuck,['#depression'],: this year was fuckd up I can't wait for it to be over I hated this year still depressed hard time getting over it #depression ???¢??????íî fuck,1
1897,5.50E+17,5.50E+17,12/31/2014,itsmedyk,"The deep  I thought passed last week has come back stronger than before. I need you, please just text me.  pic.twitter.com/fvfT6oKokh",['#depression'],"The deep #depression I thought passed last week has come back stronger than before. I need you, please just text me.  pic.twitter.com/fvfT6oKokh",1
1899,5.50E+17,5.50E+17,12/31/2014,vaughanaroo,how do i get my dad to stop looking at me like something broken that needs fixing  ,"['#depression', '#anxiety']",how do i get my dad to stop looking at me like something broken that needs fixing #depression #anxiety,1
1912,5.50E+17,5.50E+17,12/31/2014,keshajoe1,today is my last day of cipralex   - now on to the next drug ...‚??Ô∏è,"['#antidepressant', '#depression']",today is my last day of cipralex #antidepressant #depression - now on to the next drug ...‚??Ô∏è,1
1913,5.50E+17,5.50E+17,12/31/2014,samanthayenigue,Why is it always my fault? ???≠???≠ I'm so done with life.  I can't do anything right. ???¢   pic.twitter.com/pYOcCC9QbE,['#depression'],Why is it always my fault? ???≠???≠ I'm so done with life.  I can't do anything right. ???¢ #depression  pic.twitter.com/pYOcCC9QbE,1
1917,5.50E+17,5.50E+17,12/31/2014,gloriousdeanna,Well it's New Year's Eve now???? tbf I don't wanna celebrate it ever again :'( never EVER happy on NYE ???≠ ,['#depression'],Well it's New Year's Eve now???? tbf I don't wanna celebrate it ever again :'( never EVER happy on NYE ???≠ #depression,1
1921,5.50E+17,5.50E+17,12/31/2014,jnotha,Feeling a lil joyless & miserable now tho ???© ,['#depression'],Feeling a lil joyless & miserable now tho ???© #Depression,1
1943,5.50E+17,5.50E+17,12/31/2014,shauna8296,You know life sucks when you just want your mom to kick you out just so you don't have to deal with bullshit anymore  ,"['#depression', '#whyamihere']",You know life sucks when you just want your mom to kick you out just so you don't have to deal with bullshit anymore #depression #whyamihere,1
1969,5.50E+17,5.50E+17,12/30/2014,carina_dean,Very sad day in Edmonton!  Praying for all who lost their lives.  ,"['#suiside', '#depression']",Very sad day in Edmonton!  Praying for all who lost their lives. #suiside #depression,1
1970,5.50E+17,5.50E+17,12/30/2014,chele414,Lord I know this is not of You. Please give me the tools needed to push thru. I refuse to give n2 the spirit of  ,['#depression'],Lord I know this is not of You. Please give me the tools needed to push thru. I refuse to give n2 the spirit of  #depression,1
1976,5.50E+17,5.50E+17,12/30/2014,dezzyc4,I want this to be a good day but this monster keeps pushing me down ,['#depression'],I want this to be a good day but this monster keeps pushing me down #depression,1
1978,5.50E+17,5.50E+17,12/30/2014,travakabigt,Done absolute fuck all the last 2days ,['#depression'],Done absolute fuck all the last 2days #depression,1
1979,5.50E+17,5.50E+17,12/30/2014,2bipolarchicks,"I am trying 2 make a list of the ppl I twt 2 regularly, so if u wanna b on it, twt me and say hi!   ","['#bipolar', '#depression', '#friendslist']","I am trying 2 make a list of the ppl I twt 2 regularly, so if u wanna b on it, twt me and say hi! #bipolar #depression #friendslist",1
1980,5.50E+17,5.50E+17,12/30/2014,oreillypool,"When your 14 year old son looks to go to New Year's Eve party and your stuck in, must mean getting old ",['#depression'],"When your 14 year old son looks to go to New Year's Eve party and your stuck in, must mean getting old #depression",0
1986,5.50E+17,5.50E+17,12/30/2014,lastbattleorg,Perpetrators admit that it was never the fault of the victim.  Scarred and faultless are the victims of sexual violation. ,"['#ptsd', '#depression']",Perpetrators admit that it was never the fault of the victim.  Scarred and faultless are the victims of sexual violation.#PTSD #depression,0
1997,5.50E+17,5.50E+17,12/30/2014,skypetherapist,I am currently accepting new clients for Online Mindfulness Therapy via Skype for  & . Email me. Please Retweet!,"['#anxiety', '#depression']",I am currently accepting new clients for Online Mindfulness Therapy via Skype for #Anxiety & #Depression. Email me. Please Retweet!,0
